{
  "descricao": "Clustering KMeans nao supervisionado; DEATH_EVENT usado apenas para caracterizar grupos (fora do treino).",
  "k_escolhido": 2,
  "silhouette": 0.13352501819376755,
  "davies_bouldin": 2.5639736761978726,
  "calinski_harabasz": 37.96342197820812,
  "n_por_cluster": {
    "0": 187,
    "1": 112
  },
  "taxa_death_event_por_cluster": {
    "0": 0.13903743315508021,
    "1": 0.625
  },
  "clusters": {
    "0": {
      "n_pacientes": 187,
      "taxa_death_event": 0.13903743315508021,
      "rotulo_risco": "menor risco"
    },
    "1": {
      "n_pacientes": 112,
      "taxa_death_event": 0.625,
      "rotulo_risco": "maior risco"
    }
  },
  "silhouette_por_k": {
    "2": 0.13352501819376755,
    "3": 0.12349004405880856,
    "4": 0.11313721833015046,
    "5": 0.1310288880880357,
    "6": 0.12469122322128219,
    "7": 0.11848898626633368,
    "8": 0.1264589316844531
  },
  "colunas_continuas": [
    "age",
    "creatinine_phosphokinase",
    "ejection_fraction",
    "platelets",
    "serum_creatinine",
    "serum_sodium",
    "time"
  ],
  "colunas_binarias": [
    "anaemia",
    "diabetes",
    "high_blood_pressure",
    "sex",
    "smoking"
  ],
  "random_state": 42
}