cluster,age,anaemia,creatinine_phosphokinase,diabetes,ejection_fraction,high_blood_pressure,platelets,serum_creatinine,serum_sodium,sex,smoking,time,taxa_death_event,n_pacientes
0,55.862748663101605,0.44919786096256686,587.4438502673797,0.44385026737967914,39.26737967914438,0.32085561497326204,273601.05005347595,1.063850267379679,138.12299465240642,0.6203208556149733,0.31016042780748665,158.9625668449198,0.13903743315508021,187
1,69.13392857142857,0.4017857142857143,572.4821428571429,0.375,36.107142857142854,0.4017857142857143,246255.84276785716,1.9449107142857145,134.125,0.6964285714285714,0.3392857142857143,82.33928571428571,0.625,112
